"rgmod","rgcont","id_pays","pays","pays_trad","pays_orig","population","continent","lien","nb_cas","nb_mort","nb_gueri","nb_teste","nb_actif","p_mort","p_gueri","p_actif","n_cas","n_gueri","n_mort","nb_rea"
"1","1","207","United States of America","Etats-Unis","Etats-Unis","331732757","Amérique","https://www.francestickers.com/4796-thickbox/autocollant-drapeau-continent-americain.jpg","11366379","251832","6935630","168155844","4178917","0.0222","0.6102","0.3677","138249","44016","579","20703"
"2","1","93","India","Inde","Inde","1385086067","Asie","https://akm-img-a-in.tosshub.com/indiatoday/images/bodyeditor/201809/asia-647x2096.jpg?GU.M3UYGZsTQeFQi.NRwDeRGMX2MJSEL","8845617","130109","8247950","124836819","467558","0.0147","0.9324","0.0529","30715","44213","435","8944"
"3","2","28","Brazil","Brésil","Brésil","213127014","Amérique","https://www.francestickers.com/4796-thickbox/autocollant-drapeau-continent-americain.jpg","5863093","165811","5291511","21900000","405771","0.0283","0.9025","0.0692","14134","0","138","8318"
"4","1","69","France","France","France","65328048","Europe","https://bernardenergy.com/wp-content/uploads/2017/07/europe-1974674_1920-898x1024.png","1981827","44548","139810","19005625","1797469","0.0225","0.0705","0.9070","27228","670","302","4896"
"5","2","165","Russia","Russie","Russie","145958133","Asie","https://akm-img-a-in.tosshub.com/indiatoday/images/bodyeditor/201809/asia-647x2096.jpg?GU.M3UYGZsTQeFQi.NRwDeRGMX2MJSEL","1925825","33186","1439985","68577003","452654","0.0172","0.7477","0.2350","22572","14456","352","2300"
"6","2","187","Spain","Espagne","Espagne","46761629","Europe","https://bernardenergy.com/wp-content/uploads/2017/07/europe-1974674_1920-898x1024.png","1492608","40769",,"19394289",,"0.0273",,,"0",,"0","3125"
"7","3","206","United Kingdom","Royaume-Uni","Royaume-Uni","68020236","Europe","https://bernardenergy.com/wp-content/uploads/2017/07/europe-1974674_1920-898x1024.png","1369318","51934",,"37918526",,"0.0379",,,"24962",,"168","1355"
"8","3","8","Argentina","Argentine","Argentine","45351219","Amérique","https://www.francestickers.com/4796-thickbox/autocollant-drapeau-continent-americain.jpg","1310491","35436","1129102","3452519","145953","0.0270","0.8616","0.1114","5645","9736","129","4365"
"9","4","43","Colombia","Colombie","Colombie","51085837","Amérique","https://www.francestickers.com/4796-thickbox/autocollant-drapeau-continent-americain.jpg","1198746","34031","1104956","5735021","59759","0.0284","0.9218","0.0499","7742","7380","202","2376"
"10","4","101","Italy","Italie","Italie","60428130","Europe","https://bernardenergy.com/wp-content/uploads/2017/07/europe-1974674_1920-898x1024.png","1178529","45229","420810","18878386","712490","0.0384","0.3571","0.6046","33979","9376","546","3422"
"11","5","129","Mexico","Mexique","Mexique","129439742","Amérique","https://www.francestickers.com/4796-thickbox/autocollant-drapeau-continent-americain.jpg","1003253","98259","745361","2604659","159633","0.0979","0.7429","0.1591","5860","4021","635","2941"
"12","6","156","Peru","Pérou","Pérou","33143099","Amérique","https://www.francestickers.com/4796-thickbox/autocollant-drapeau-continent-americain.jpg","937011","35231","863120","4802591","38660","0.0376","0.9211","0.0413","2112","2103","54","997"
"13","5","75","Germany","Allemagne","Allemagne","83884996","Europe","https://bernardenergy.com/wp-content/uploads/2017/07/europe-1974674_1920-898x1024.png","802944","12692","502300","25010416","287952","0.0158","0.6256","0.3586","14045","9200","73","3385"
"14","3","96","Iran","Iran","Iran","84394287","Asie","https://akm-img-a-in.tosshub.com/indiatoday/images/bodyeditor/201809/asia-647x2096.jpg?GU.M3UYGZsTQeFQi.NRwDeRGMX2MJSEL","762068","41493","558818","5505070","161757","0.0544","0.7333","0.2123","12543","6071","459","5666"
"15","1","185","South Africa","Afrique du Sud","Afrique du Sud","59587901","Afrique","https://www.aftld.org/wp-content/uploads/2019/02/2000px-FlagsMapAfrica.svg-1.png","751024","20241","693467","5110384","37316","0.0270","0.9234","0.0497","1842","206","35","546"
"16","6","158","Poland","Pologne","Pologne","37830907","Europe","https://bernardenergy.com/wp-content/uploads/2017/07/europe-1974674_1920-898x1024.png","712972","10348","294783","5563521","407841","0.0145","0.4135","0.5720","21854","12568","303","2114"
"17","7","204","Ukraine","Ukraine","Ukraine","43633734","Europe","https://bernardenergy.com/wp-content/uploads/2017/07/europe-1974674_1920-898x1024.png","535857","9603","241444","3876966","284810","0.0179","0.4506","0.5315","10681","2633","95","177"
"18","8","19","Belgium","Belgique","Belgique","11608626","Europe","https://bernardenergy.com/wp-content/uploads/2017/07/europe-1974674_1920-898x1024.png","531280","14303","32706","5458422","484271","0.0269","0.0616","0.9115","6268","673","197","1423"
"19","7","41","Chile","Chili","Chili","19177744","Amérique","https://www.francestickers.com/4796-thickbox/autocollant-drapeau-continent-americain.jpg","531273","14819","506700","4822677","9754","0.0279","0.9537","0.0184","1597","1457","42","721"
"20","4","97","Iraq","Irak","Irak","40555704","Asie","https://akm-img-a-in.tosshub.com/indiatoday/images/bodyeditor/201809/asia-647x2096.jpg?GU.M3UYGZsTQeFQi.NRwDeRGMX2MJSEL","519152","11670","447039","3128402","60443","0.0225","0.8611","0.1164","2237","2813","47","357"
"21","5","94","Indonesia","Indonésie","Indonésie","274606038","Asie","https://akm-img-a-in.tosshub.com/indiatoday/images/bodyeditor/201809/asia-647x2096.jpg?GU.M3UYGZsTQeFQi.NRwDeRGMX2MJSEL","467113","15211","391991","5055488","59911","0.0326","0.8392","0.1283","4106","3897","63",
"22","9","51","Czechia","Tchèque","Tchèque","10716485","Europe","https://bernardenergy.com/wp-content/uploads/2017/07/europe-1974674_1920-898x1024.png","460116","6208","327306","2776953","126602","0.0135","0.7114","0.2752","1887","4923","150","1110"
"23","10","141","Netherlands","Pays-Bas","Pays-Bas","17149188","Europe","https://bernardenergy.com/wp-content/uploads/2017/07/europe-1974674_1920-898x1024.png","447871","8486",,"3711716",,"0.0189",,,"5413",,"43","604"
"24","6","16","Bangladesh","Bangladesh","Bangladesh","165303831","Asie","https://akm-img-a-in.tosshub.com/indiatoday/images/bodyeditor/201809/asia-647x2096.jpg?GU.M3UYGZsTQeFQi.NRwDeRGMX2MJSEL","432333","6194","349542","2541194","76597","0.0143","0.8085","0.1772","1837","1693","21",
"25","7","201","Turkey","Turquie","Turquie","84678630","Asie","https://akm-img-a-in.tosshub.com/indiatoday/images/bodyeditor/201809/asia-647x2096.jpg?GU.M3UYGZsTQeFQi.NRwDeRGMX2MJSEL","414278","11507","353663","16156470","49108","0.0278","0.8537","0.1185","3223","2561","89","3439"
"26","8","157","Philippines","Philippines","Philippines","110125242","Asie","https://akm-img-a-in.tosshub.com/indiatoday/images/bodyeditor/201809/asia-647x2096.jpg?GU.M3UYGZsTQeFQi.NRwDeRGMX2MJSEL","407838","7832","374329","5268410","25677","0.0192","0.9178","0.0630","1530","11290","41","1455"
"27","11","164","Romania","Roumanie","Roumanie","19188803","Europe","https://bernardenergy.com/wp-content/uploads/2017/07/europe-1974674_1920-898x1024.png","360281","8926","243832","3691062","107523","0.0248","0.6768","0.2984","7096","4781","113","1169"
"28","9","151","Pakistan","Pakistan","Pakistan","222481419","Asie","https://akm-img-a-in.tosshub.com/indiatoday/images/bodyeditor/201809/asia-647x2096.jpg?GU.M3UYGZsTQeFQi.NRwDeRGMX2MJSEL","356904","7141","323225","4921050","26538","0.0200","0.9056","0.0744","2443","811","32","1377"
"29","10","175","Saudi Arabia","Arabie saoudite","Arabie saoudite","35015637","Asie","https://akm-img-a-in.tosshub.com/indiatoday/images/bodyeditor/201809/asia-647x2096.jpg?GU.M3UYGZsTQeFQi.NRwDeRGMX2MJSEL","353255","5657","340304","8884878","7294","0.0160","0.9633","0.0206","305","357","16","810"
"30","11","100","Israel","Israel","Israel","9197590","Asie","https://akm-img-a-in.tosshub.com/indiatoday/images/bodyeditor/201809/asia-647x2096.jpg?GU.M3UYGZsTQeFQi.NRwDeRGMX2MJSEL","323741","2732","313380","5051016","7629","0.0084","0.9680","0.0236","402","755","11","304"
"31","8","37","Canada","Canada","Canada","37866241","Amérique","https://www.francestickers.com/4796-thickbox/autocollant-drapeau-continent-americain.jpg","296077","10953","235401","10348040","49723","0.0370","0.7951","0.1679","4146","2486","62","334"
"32","2","135","Morocco","Maroc","Maroc","37074055","Afrique","https://www.aftld.org/wp-content/uploads/2019/02/2000px-FlagsMapAfrica.svg-1.png","293177","4779","238598","3646330","49800","0.0163","0.8138","0.1699","4966","3694","82","1051"
"33","12","192","Switzerland","Suisse","Suisse","8678393","Europe","https://bernardenergy.com/wp-content/uploads/2017/07/europe-1974674_1920-898x1024.png","257135","3369","141000","2351453","112766","0.0131","0.5484","0.4385","0","0","18","485"
"34","13","159","Portugal","Portugal","Portugal","10185425","Europe","https://bernardenergy.com/wp-content/uploads/2017/07/europe-1974674_1920-898x1024.png","217301","3381","125066","3853501","88854","0.0156","0.5755","0.4089","6035","2549","76","415"
"35","12","140","Nepal","Nepal","Nepal","29331289","Asie","https://akm-img-a-in.tosshub.com/indiatoday/images/bodyeditor/201809/asia-647x2096.jpg?GU.M3UYGZsTQeFQi.NRwDeRGMX2MJSEL","209776","1221","173430","1609079","35125","0.0058","0.8267","0.1674","1477","2798","6",
"36","14","12","Austria","Autriche","Autriche","9025731","Europe","https://bernardenergy.com/wp-content/uploads/2017/07/europe-1974674_1920-898x1024.png","203956","1829","125674","2667880","76453","0.0090","0.6162","0.3749","5665","6259","83","599"
"37","9","57","Ecuador","Équateur","Équateur","17742798","Amérique","https://www.francestickers.com/4796-thickbox/autocollant-drapeau-continent-americain.jpg","180295","13008","160639","596203","6648","0.0721","0.8910","0.0369","668","5683","11","354"
"38","15","191","Sweden","Suède","Suède","10122943","Europe","https://bernardenergy.com/wp-content/uploads/2017/07/europe-1974674_1920-898x1024.png","177355","6164",,"2659793",,"0.0348",,,"0",,"0","149"
"39","13","205","United Arab Emirates","Émirats","Émirats","9935048","Asie","https://akm-img-a-in.tosshub.com/indiatoday/images/bodyeditor/201809/asia-647x2096.jpg?GU.M3UYGZsTQeFQi.NRwDeRGMX2MJSEL","150345","530","143252","14979407","6563","0.0035","0.9528","0.0437","1210","691","2",
"40","10","153","Panama","Panama","Panama","4340039","Amérique","https://www.francestickers.com/4796-thickbox/autocollant-drapeau-continent-americain.jpg","146653","2873","125370","765482","18410","0.0196","0.8549","0.1255","1344","1099","6","153"
"41","14","105","Jordan","Jordanie","Jordanie","10241068","Asie","https://akm-img-a-in.tosshub.com/indiatoday/images/bodyeditor/201809/asia-647x2096.jpg?GU.M3UYGZsTQeFQi.NRwDeRGMX2MJSEL","143678","1772","10067","2184026","131839","0.0123","0.0701","0.9176","2373","188","68","447"
"42","11","24","Bolivia","Bolivie","Bolivie","11732407","Amérique","https://www.francestickers.com/4796-thickbox/autocollant-drapeau-continent-americain.jpg","143181","8841","116828","345343","17512","0.0617","0.8159","0.1223","112","323","6","71"
"43","16","91","Hungary","Hongrie","Hongrie","9651044","Europe","https://bernardenergy.com/wp-content/uploads/2017/07/europe-1974674_1920-898x1024.png","140961","3097","31599","1354742","106265","0.0220","0.2242","0.7539","4238","473","107","569"
"44","15","109","Kuwait","Koweït","Koweït","4294096","Asie","https://akm-img-a-in.tosshub.com/indiatoday/images/bodyeditor/201809/asia-647x2096.jpg?GU.M3UYGZsTQeFQi.NRwDeRGMX2MJSEL","136840","838","127585","1011566","8417","0.0061","0.9324","0.0615","499","683","3","109"
"45","16","161","Qatar","Qatar","Qatar","2807805","Asie","https://akm-img-a-in.tosshub.com/indiatoday/images/bodyeditor/201809/asia-647x2096.jpg?GU.M3UYGZsTQeFQi.NRwDeRGMX2MJSEL","135785","234","132784","1048828","2767","0.0017","0.9779","0.0204","215","207","0","37"
"46","12","56","Dominican Republic","République dominicaine","République dominicaine","10888645","Amérique","https://www.francestickers.com/4796-thickbox/autocollant-drapeau-continent-americain.jpg","133724","2285","109981","648559","21458","0.0171","0.8224","0.1605","499","391","3","189"
"47","13","45","Costa Rica","Costa Rica","Costa Rica","5111554","Amérique","https://www.francestickers.com/4796-thickbox/autocollant-drapeau-continent-americain.jpg","123223","1546","75341","341594","46336","0.0125","0.6114","0.3760","0","0","0","203"
"48","17","106","Kazakhstan","Kazakhstan","Kazakhstan","18860630","Asie","https://akm-img-a-in.tosshub.com/indiatoday/images/bodyeditor/201809/asia-647x2096.jpg?GU.M3UYGZsTQeFQi.NRwDeRGMX2MJSEL","120463","1899","109643","3645655","8921","0.0158","0.9102","0.0741","630","368","0","221"
"49","18","150","Oman","Oman","Oman","5154401","Asie","https://akm-img-a-in.tosshub.com/indiatoday/images/bodyeditor/201809/asia-647x2096.jpg?GU.M3UYGZsTQeFQi.NRwDeRGMX2MJSEL","120389","1338","111096","571472","7955","0.0111","0.9228","0.0661","947","1046","12","138"
"50","17","9","Armenia","Arménie","Arménie","2965335","Europe","https://bernardenergy.com/wp-content/uploads/2017/07/europe-1974674_1920-898x1024.png","117337","1763","74984","464001","40590","0.0150","0.6390","0.3459","1482","879","25",
"51","19","103","Japan","Japon","Japon","126329485","Asie","https://akm-img-a-in.tosshub.com/indiatoday/images/bodyeditor/201809/asia-647x2096.jpg?GU.M3UYGZsTQeFQi.NRwDeRGMX2MJSEL","116677","1883","102837","3035324","11957","0.0161","0.8814","0.1025","1694","848","3","243"
"52","14","83","Guatemala","Guatemala","Guatemala","18038482","Amérique","https://www.francestickers.com/4796-thickbox/autocollant-drapeau-continent-americain.jpg","114885","3932","104438","482294","6515","0.0342","0.9091","0.0567","166","304","12","5"
"53","18","18","Belarus","Biélorussie","Biélorussie","9448146","Europe","https://bernardenergy.com/wp-content/uploads/2017/07/europe-1974674_1920-898x1024.png","114185","1046","95843","2882743","17296","0.0092","0.8394","0.1515","1315","1506","7",
"54","3","58","Egypt","Egypte","Egypte","103049958","Afrique","https://www.aftld.org/wp-content/uploads/2019/02/2000px-FlagsMapAfrica.svg-1.png","110767","6453","101046","1000000","3268","0.0583","0.9122","0.0295","220","100","11","46"
"55","20","113","Lebanon","Liban","Liban","6813826","Asie","https://akm-img-a-in.tosshub.com/indiatoday/images/bodyeditor/201809/asia-647x2096.jpg?GU.M3UYGZsTQeFQi.NRwDeRGMX2MJSEL","105430","817","60416","1393979","44197","0.0077","0.5730","0.4192","1163","1878","11","314"
"56","4","64","Ethiopia","Ethiopie","Ethiopie","116011939","Afrique","https://www.aftld.org/wp-content/uploads/2019/02/2000px-FlagsMapAfrica.svg-1.png","102720","1569","63866","1562008","37285","0.0153","0.6217","0.3630","399","191","4","319"
"57","15","90","Honduras","Honduras","Honduras","9963208","Amérique","https://www.francestickers.com/4796-thickbox/autocollant-drapeau-continent-americain.jpg","102555","2822","44551","246269","55182","0.0275","0.4344","0.5381","476","315","2","21"
"58","19","31","Bulgaria","Bulgarie","Bulgarie","6928502","Europe","https://bernardenergy.com/wp-content/uploads/2017/07/europe-1974674_1920-898x1024.png","98251","2130","29375","856616","66746","0.0217","0.2990","0.6793","816","570","39","293"
"59","16","211","Venezuela","Venezuela","Venezuela","28405362","Amérique","https://www.francestickers.com/4796-thickbox/autocollant-drapeau-continent-americain.jpg","97352","851","92373","2250662","4128","0.0087","0.9489","0.0424","419","425","3","117"
"60","20","130","Moldova","Moldavie","Moldavie","4030407","Europe","https://bernardenergy.com/wp-content/uploads/2017/07/europe-1974674_1920-898x1024.png","89279","2019","70812","415684","16448","0.0226","0.7932","0.1842","507","1286","13","252"
"61","21","182","Slovakia","Slovaquie","Slovaquie","5460642","Europe","https://bernardenergy.com/wp-content/uploads/2017/07/europe-1974674_1920-898x1024.png","86767","510","30519","966594","55738","0.0059","0.3517","0.6424","1200","1495","0","202"
"62","21","42","China","Chine","Chine","1439323776","Asie","https://akm-img-a-in.tosshub.com/indiatoday/images/bodyeditor/201809/asia-647x2096.jpg?GU.M3UYGZsTQeFQi.NRwDeRGMX2MJSEL","86338","4634","81319","160000000","385","0.0537","0.9419","0.0045","13","16","0","3"
"63","22","15","Bahrain","Bahreïn","Bahreïn","1723084","Asie","https://akm-img-a-in.tosshub.com/indiatoday/images/bodyeditor/201809/asia-647x2096.jpg?GU.M3UYGZsTQeFQi.NRwDeRGMX2MJSEL","84703","334","82469","1903910","1900","0.0039","0.9736","0.0224","180","169","1","21"
"64","22","177","Serbia","Serbie","Serbie","8723998","Europe","https://bernardenergy.com/wp-content/uploads/2017/07/europe-1974674_1920-898x1024.png","84568","1009","31536","1507822","52023","0.0119","0.3729","0.6152","3482","0","20","164"
"65","23","47","Croatia","Croatie","Croatie","4095627","Europe","https://bernardenergy.com/wp-content/uploads/2017/07/europe-1974674_1920-898x1024.png","84206","1049","66231","619532","16926","0.0125","0.7865","0.2010","2362","2483","43","194"
"66","5","200","Tunisia","Tunisie","Tunisie","11864905","Afrique","https://www.aftld.org/wp-content/uploads/2019/02/2000px-FlagsMapAfrica.svg-1.png","80404","2345","54362","409003","23697","0.0292","0.6761","0.2947","1065","604","66","282"
"67","24","74","Georgia","Géorgie","Géorgie","3986264","Europe","https://bernardenergy.com/wp-content/uploads/2017/07/europe-1974674_1920-898x1024.png","79678","703","62061","1012265","16914","0.0088","0.7789","0.2123","3020","3387","34",
"68","23","13","Azerbaijan","Azerbaïdjan","Azerbaïdjan","10173437","Asie","https://akm-img-a-in.tosshub.com/indiatoday/images/bodyeditor/201809/asia-647x2096.jpg?GU.M3UYGZsTQeFQi.NRwDeRGMX2MJSEL","75688","967","55150","1516084","19571","0.0128","0.7286","0.2586","2259","1101","21",
"69","25","78","Greece","Grèce","Grèce","10403693","Europe","https://bernardenergy.com/wp-content/uploads/2017/07/europe-1974674_1920-898x1024.png","74205","1106","9989","2092324","63110","0.0149","0.1346","0.8505","1695","0","71","392"
"70","6","115","Libya","Libye","Libye","6906142","Afrique","https://www.aftld.org/wp-content/uploads/2019/02/2000px-FlagsMapAfrica.svg-1.png","73602","1017","44133","371172","28452","0.0138","0.5996","0.3866","974","874","22",
"71","26","26","Bosnia and Herzegovina","Bosnie-Herzégovine","Bosnie-Herzégovine","3273048","Europe","https://bernardenergy.com/wp-content/uploads/2017/07/europe-1974674_1920-898x1024.png","71956","1889","35606","372502","34461","0.0263","0.4948","0.4789","1056","245","41",
"72","17","155","Paraguay","Paraguay","Paraguay","7165264","Amérique","https://www.francestickers.com/4796-thickbox/autocollant-drapeau-continent-americain.jpg","71574","1587","51375","402564","18612","0.0222","0.7178","0.2600","509","410","18","107"
"73","7","107","Kenya","Kenya","Kenya","54208768","Afrique","https://www.aftld.org/wp-content/uploads/2019/02/2000px-FlagsMapAfrica.svg-1.png","70245","1269","45766","789952","23210","0.0181","0.6515","0.3304","972","352","20","59"
"74","24","210","Uzbekistan","Ouzbékistan","Ouzbékistan","33649936","Asie","https://akm-img-a-in.tosshub.com/indiatoday/images/bodyeditor/201809/asia-647x2096.jpg?GU.M3UYGZsTQeFQi.NRwDeRGMX2MJSEL","70181","598","67446","1377915","2137","0.0085","0.9610","0.0304","194","205","4","250"
"75","25","138","Myanmar","Birmanie","Birmanie","54546880","Asie","https://akm-img-a-in.tosshub.com/indiatoday/images/bodyeditor/201809/asia-647x2096.jpg?GU.M3UYGZsTQeFQi.NRwDeRGMX2MJSEL","68994","1577","52351","897352","15066","0.0229","0.7588","0.2184","983","989","25",
"76","27","98","Ireland","Irelande","Irelande","4958414","Europe","https://bernardenergy.com/wp-content/uploads/2017/07/europe-1974674_1920-898x1024.png","67903","1979","23364","1781179","42560","0.0291","0.3441","0.6268","377","0","1","30"
"77","8","3","Algeria","Algérie","Algérie","44144876","Afrique","https://www.aftld.org/wp-content/uploads/2019/02/2000px-FlagsMapAfrica.svg-1.png","67679","2154","44633","0","20892","0.0318","0.6595","0.3087","860","434","15","44"
"78","26","110","Kyrgyzstan","Kirghizistan","Kirghizistan","6564209","Asie","https://akm-img-a-in.tosshub.com/indiatoday/images/bodyeditor/201809/asia-647x2096.jpg?GU.M3UYGZsTQeFQi.NRwDeRGMX2MJSEL","66504","1199","57321","458475","7984","0.0180","0.8619","0.1201","551","474","3","128"
"79","18","160","Puerto Rico","Porto Rico","Etats-Unis","3193694","Amérique","https://www.francestickers.com/4796-thickbox/autocollant-drapeau-continent-americain.jpg","65743","820",,"0",,"0.0125",,,"0",,"0",
"80","9","146","Nigeria","Nigeria","Nigeria","208020476","Afrique","https://www.aftld.org/wp-content/uploads/2019/02/2000px-FlagsMapAfrica.svg-1.png","65148","1163","61073","705809","2912","0.0179","0.9375","0.0447","152","44","0","10"
"81","27","152","Palestine","Palestine","Palestine","5145152","Asie","https://akm-img-a-in.tosshub.com/indiatoday/images/bodyeditor/201809/asia-647x2096.jpg?GU.M3UYGZsTQeFQi.NRwDeRGMX2MJSEL","63031","565","54346","584757","8120","0.0090","0.8622","0.1288","864","555","7",
"82","28","53","Denmark","Danemark","Danemark","5799893","Europe","https://bernardenergy.com/wp-content/uploads/2017/07/europe-1974674_1920-898x1024.png","62136","760","47747","6317049","13629","0.0122","0.7684","0.2193","1058","973","3","45"
"83","28","180","Singapore","Singapour","Singapour","5867612","Asie","https://akm-img-a-in.tosshub.com/indiatoday/images/bodyeditor/201809/asia-647x2096.jpg?GU.M3UYGZsTQeFQi.NRwDeRGMX2MJSEL","58119","28","58029","4066897","62","0.0005","0.9985","0.0011","3","10","0",
"84","29","183","Slovenia","Slovénie","Slovénie","2079046","Europe","https://bernardenergy.com/wp-content/uploads/2017/07/europe-1974674_1920-898x1024.png","55042","797","34864","440855","19381","0.0145","0.6334","0.3521","920","1316","32","201"
"85","10","76","Ghana","Ghana","Ghana","31312834","Afrique","https://www.aftld.org/wp-content/uploads/2019/02/2000px-FlagsMapAfrica.svg-1.png","50123","322","48328","560713","1473","0.0064","0.9642","0.0294","105","149","2","16"
"86","29","121","Malaysia","Malaisie","Malaisie","32520804","Asie","https://akm-img-a-in.tosshub.com/indiatoday/images/bodyeditor/201809/asia-647x2096.jpg?GU.M3UYGZsTQeFQi.NRwDeRGMX2MJSEL","47417","309","34785","2401043","12323","0.0065","0.7336","0.2599","1208","1013","3","104"
"87","30","147","North Macedonia","Macédoine du Nord","Macédoine du Nord","2083342","Europe","https://bernardenergy.com/wp-content/uploads/2017/07/europe-1974674_1920-898x1024.png","47050","1305","27364","292189","18381","0.0277","0.5816","0.3907","988","383","24","138"
"88","30","1","Afghanistan","Afghanistan","Afghanistan","39251970","Asie","https://akm-img-a-in.tosshub.com/indiatoday/images/bodyeditor/201809/asia-647x2096.jpg?GU.M3UYGZsTQeFQi.NRwDeRGMX2MJSEL","43240","1617","35092","129334","6531","0.0374","0.8116","0.1510","205","25","12","93"
"89","19","59","El Salvador","Salvador","Salvador","6498526","Amérique","https://www.francestickers.com/4796-thickbox/autocollant-drapeau-continent-americain.jpg","36358","1044","32721","509827","2593","0.0287","0.9000","0.0713","0","0","5","48"
"90","31","117","Lithuania","Lituanie","Lituanie","2707719","Europe","https://bernardenergy.com/wp-content/uploads/2017/07/europe-1974674_1920-898x1024.png","34758","277","7753","1183216","26728","0.0080","0.2231","0.7690","1372","56","11","87"
"91","32","149","Norway","Norvège","Norvège","5437153","Europe","https://bernardenergy.com/wp-content/uploads/2017/07/europe-1974674_1920-898x1024.png","28966","294","19025","1959753","9647","0.0101","0.6568","0.3330","532","0","0","29"
"92","31","162","Republic of Korea","Corée du sud","Corée du sud","51285868","Asie","https://akm-img-a-in.tosshub.com/indiatoday/images/bodyeditor/201809/asia-647x2096.jpg?GU.M3UYGZsTQeFQi.NRwDeRGMX2MJSEL","28546","493","25691","2786878","2362","0.0173","0.9000","0.0827","208","55","1","56"
"93","33","2","Albania","Albanie","Albanie","2876607","Europe","https://bernardenergy.com/wp-content/uploads/2017/07/europe-1974674_1920-898x1024.png","27830","623","12889","151251","14318","0.0224","0.4631","0.5145","597","122","11","17"
"94","32","11","Australia","Australie","Australie","25610483","Asie","https://akm-img-a-in.tosshub.com/indiatoday/images/bodyeditor/201809/asia-647x2096.jpg?GU.M3UYGZsTQeFQi.NRwDeRGMX2MJSEL","27728","907","25490","9379009","1331","0.0327","0.9193","0.0480","17","8","0",
"95","34","133","Montenegro","Monténégro","Monténégro","628096","Europe","https://bernardenergy.com/wp-content/uploads/2017/07/europe-1974674_1920-898x1024.png","27177","391","17387","109592","9399","0.0144","0.6398","0.3458","491","236","6","31"
"96","35","118","Luxembourg","Luxembourg","Luxembourg","629765","Europe","https://bernardenergy.com/wp-content/uploads/2017/07/europe-1974674_1920-898x1024.png","27092","226","15428","1226544","11438","0.0083","0.5695","0.4222","548","0","4","46"
"97","11","36","Cameroon","Cameroun","Cameroun","26789092","Afrique","https://www.aftld.org/wp-content/uploads/2019/02/2000px-FlagsMapAfrica.svg-1.png","22692","433","21510","149000","749","0.0191","0.9479","0.0330","0","0","0","41"
"98","12","46","Côte d’Ivoire","Côte d’Ivoire","Côte d’Ivoire","26618749","Afrique","https://www.aftld.org/wp-content/uploads/2019/02/2000px-FlagsMapAfrica.svg-1.png","20976","128","20647","204756","201","0.0061","0.9843","0.0096","31","17","1",
"99","36","108","Kosovo","Kosovo","Kosovo","1920079","Europe","https://bernardenergy.com/wp-content/uploads/2017/07/europe-1974674_1920-898x1024.png","19842","681",,"0",,"0.0343",,,"0",,"0",
"100","37","68","Finland","Finlande","Finlande","5543972","Europe","https://bernardenergy.com/wp-content/uploads/2017/07/europe-1974674_1920-898x1024.png","19315","369","14000","1710217","4946","0.0191","0.7248","0.2561","213","0","0","15"
"101","13","119","Madagascar","Madagascar","Madagascar","27952796","Afrique","https://www.aftld.org/wp-content/uploads/2019/02/2000px-FlagsMapAfrica.svg-1.png","17310","250","16592","92992","468","0.0144","0.9585","0.0270","87","76","1","16"
"102","33","188","Sri Lanka","Sri Lanka","Sri Lanka","21447081","Asie","https://akm-img-a-in.tosshub.com/indiatoday/images/bodyeditor/201809/asia-647x2096.jpg?GU.M3UYGZsTQeFQi.NRwDeRGMX2MJSEL","17287","58","11495","661387","5734","0.0034","0.6650","0.3317","704","171","5",
"103","14","215","Zambia","Zambie","Zambie","18572756","Afrique","https://www.aftld.org/wp-content/uploads/2019/02/2000px-FlagsMapAfrica.svg-1.png","17123","353","16137","327832","633","0.0206","0.9424","0.0370","26","0","3",
"104","15","203","Uganda","Uganda","Uganda","46268408","Afrique","https://www.aftld.org/wp-content/uploads/2019/02/2000px-FlagsMapAfrica.svg-1.png","16020","145","8038","588533","7837","0.0091","0.5017","0.4892","231","0","1",
"105","16","176","Senegal","Sénégal","Sénégal","16906057","Afrique","https://www.aftld.org/wp-content/uploads/2019/02/2000px-FlagsMapAfrica.svg-1.png","15793","328","15416","218821","49","0.0208","0.9761","0.0031","14","9","1","4"
"106","17","189","Sudan","Soudan","Soudan","44226812","Afrique","https://www.aftld.org/wp-content/uploads/2019/02/2000px-FlagsMapAfrica.svg-1.png","14626","1116","9571","0","3939","0.0763","0.6544","0.2693","0","0","0",
"107","18","136","Mozambique","Mozambique","Mozambique","31576544","Afrique","https://www.aftld.org/wp-content/uploads/2019/02/2000px-FlagsMapAfrica.svg-1.png","14448","113","12505","210599","1830","0.0078","0.8655","0.1267","108","0","3",
"108","19","139","Namibia","Namibie","Namibie","2557979","Afrique","https://www.aftld.org/wp-content/uploads/2019/02/2000px-FlagsMapAfrica.svg-1.png","13508","138","12680","141417","690","0.0102","0.9387","0.0511","59","213","0","6"
"109","20","5","Angola","Angola","Angola","33239753","Afrique","https://www.aftld.org/wp-content/uploads/2019/02/2000px-FlagsMapAfrica.svg-1.png","13451","322","6444","171247","6685","0.0239","0.4791","0.4970","77","99","0","28"
"110","21","85","Guinea","Guinée","Guinée","13263564","Afrique","https://www.aftld.org/wp-content/uploads/2019/02/2000px-FlagsMapAfrica.svg-1.png","12611","75","11151","50920","1385","0.0059","0.8842","0.1098","26","110","1","24"
"111","34","122","Maldives","Maldives","Maldives","544079","Asie","https://akm-img-a-in.tosshub.com/indiatoday/images/bodyeditor/201809/asia-647x2096.jpg?GU.M3UYGZsTQeFQi.NRwDeRGMX2MJSEL","12204","43","11289","150743","872","0.0035","0.9250","0.0715","50","27","1","12"
"112","22","52","Democratic Republic of the Congo","RD Congo","RD Congo","90556956","Afrique","https://www.aftld.org/wp-content/uploads/2019/02/2000px-FlagsMapAfrica.svg-1.png","11760","319","11086","0","355","0.0271","0.9427","0.0302","0","0","0",
"113","1","71","French Polynesia","Polynésie","France","281519","Océanie","https://c8.alamy.com/comp/R5G7N2/australia-continent-map-vector-illustration-on-white-background-R5G7N2.jpg","11706","53","4842","26355","6811","0.0045","0.4136","0.5818","0","0","0","26"
"114","35","218","Tajikistan","Tadjikistan","Tadjikistan","9616728","Asie","https://akm-img-a-in.tosshub.com/indiatoday/images/bodyeditor/201809/asia-647x2096.jpg?GU.M3UYGZsTQeFQi.NRwDeRGMX2MJSEL","11610","85","10973","0","552","0.0073","0.9451","0.0475","37","39","0",
"115","20","70","French Guiana","Guyane  française","France","301528","Amérique","https://www.francestickers.com/4796-thickbox/autocollant-drapeau-continent-americain.jpg","10844","70","9995","78762","779","0.0065","0.9217","0.0718","0","0","0",
"116","38","112","Latvia","Lettonie","Lettonie","1878220","Europe","https://bernardenergy.com/wp-content/uploads/2017/07/europe-1974674_1920-898x1024.png","10547","123","1515","538766","8909","0.0117","0.1436","0.8447","316","0","2","14"
"117","21","102","Jamaica","Jamaïque","Jamaïque","2966036","Amérique","https://www.francestickers.com/4796-thickbox/autocollant-drapeau-continent-americain.jpg","9884","231","5248","104757","4405","0.0234","0.5310","0.4457","104","20","2","6"
"118","23","34","Cabo Verde","Cap-Vert","Cap-Vert","558246","Afrique","https://www.aftld.org/wp-content/uploads/2019/02/2000px-FlagsMapAfrica.svg-1.png","9822","103","9220","101878","499","0.0105","0.9387","0.0508","42","72","1","23"
"119","22","88","Haiti","Haiti","Haiti","11454455","Amérique","https://www.francestickers.com/4796-thickbox/autocollant-drapeau-continent-americain.jpg","9168","232","7701","33073","1235","0.0253","0.8400","0.1347","0","0","0",
"120","24","72","Gabon","Gabon","Gabon","2245095","Afrique","https://www.aftld.org/wp-content/uploads/2019/02/2000px-FlagsMapAfrica.svg-1.png","9062","58","8939","266271","65","0.0064","0.9864","0.0072","0","0","0","7"
"121","25","216","Zimbabwe","Zimbabwe","Zimbabwe","14943535","Afrique","https://www.aftld.org/wp-content/uploads/2019/02/2000px-FlagsMapAfrica.svg-1.png","8829","257","8096","171983","476","0.0291","0.9170","0.0539","43","0","0",
"122","26","27","Botswana","Botswana","Botswana","2369203","Afrique","https://www.aftld.org/wp-content/uploads/2019/02/2000px-FlagsMapAfrica.svg-1.png","8225","27","5559","330611","2639","0.0033","0.6759","0.3209","0","0","0","1"
"123","23","81","Guadeloupe","Guadeloupe","France","400150","Amérique","https://www.francestickers.com/4796-thickbox/autocollant-drapeau-continent-americain.jpg","8098","139","2242","74138","5717","0.0172","0.2769","0.7060","0","0","0","15"
"124","39","124","Malta","Malte","Malte","441987","Europe","https://bernardenergy.com/wp-content/uploads/2017/07/europe-1974674_1920-898x1024.png","8034","97","5765","383129","2172","0.0121","0.7176","0.2704","117","63","2","13"
"125","27","126","Mauritania","Mauritanie","Mauritanie","4694569","Afrique","https://www.aftld.org/wp-content/uploads/2019/02/2000px-FlagsMapAfrica.svg-1.png","7952","165","7524","95389","263","0.0207","0.9462","0.0331","4","8","0","4"
"126","40","62","Estonia","Estonie","Estonie","1326872","Europe","https://bernardenergy.com/wp-content/uploads/2017/07/europe-1974674_1920-898x1024.png","7637","81","4741","401036","2815","0.0106","0.6208","0.3686","226","33","1","9"
"127","24","48","Cuba","Cuba","Cuba","11323998","Amérique","https://www.francestickers.com/4796-thickbox/autocollant-drapeau-continent-americain.jpg","7590","131","7060","969339","399","0.0173","0.9302","0.0526","22","45","0","2"
"128","25","14","Bahamas","Bahamas","Bahamas","394652","Amérique","https://www.francestickers.com/4796-thickbox/autocollant-drapeau-continent-americain.jpg","7186","156","5323","39592","1707","0.0217","0.7407","0.2375","23","41","1","3"
"129","36","50","Cyprus","Chypre","Chypre","1210660","Asie","https://akm-img-a-in.tosshub.com/indiatoday/images/bodyeditor/201809/asia-647x2096.jpg?GU.M3UYGZsTQeFQi.NRwDeRGMX2MJSEL","7178","39","2021","532789","5118","0.0054","0.2816","0.7130","127","0","0","7"
"130","28","163","Réunion","Réunion","France","897712","Afrique","https://www.aftld.org/wp-content/uploads/2019/02/2000px-FlagsMapAfrica.svg-1.png","6881","29","5928","48859","924","0.0042","0.8615","0.1343","0","0","0","21"
"131","37","193","Syria","Syrie","Syrie","17657258","Asie","https://akm-img-a-in.tosshub.com/indiatoday/images/bodyeditor/201809/asia-647x2096.jpg?GU.M3UYGZsTQeFQi.NRwDeRGMX2MJSEL","6684","345","2714","0","3625","0.0516","0.4060","0.5423","71","49","4",
"132","29","63","Eswatini","Swaziland","Swaziland","1164661","Afrique","https://www.aftld.org/wp-content/uploads/2019/02/2000px-FlagsMapAfrica.svg-1.png","6095","119","5779","55581","197","0.0195","0.9482","0.0323","2","8","0","11"
"133","26","199","Trinidad and Tobago","Trinité-et-Tobago","Trinité-et-Tobago","1401197","Amérique","https://www.francestickers.com/4796-thickbox/autocollant-drapeau-continent-americain.jpg","6080","112","5402","34914","566","0.0184","0.8885","0.0931","3","29","0","3"
"134","30","120","Malawi","Malawi","Malawi","19311700","Afrique","https://www.aftld.org/wp-content/uploads/2019/02/2000px-FlagsMapAfrica.svg-1.png","5965","185","5399","68555","381","0.0310","0.9051","0.0639","1","0","0","4"
"135","41","4","Andorra","Andorre","Andorre","77312","Europe","https://bernardenergy.com/wp-content/uploads/2017/07/europe-1974674_1920-898x1024.png","5872","76","4747","154640","1049","0.0129","0.8084","0.1786","147","72","1","20"
"136","27","144","Nicaragua","Nicaragua","Nicaragua","6654007","Amérique","https://www.francestickers.com/4796-thickbox/autocollant-drapeau-continent-americain.jpg","5661","158","4225","0","1278","0.0279","0.7463","0.2258","0","0","0",
"137","31","54","Djibouti","Djibouti","Djibouti","993353","Afrique","https://www.aftld.org/wp-content/uploads/2019/02/2000px-FlagsMapAfrica.svg-1.png","5649","61","5525","88410","63","0.0108","0.9780","0.0112","4","6","0",
"138","2","82","Guam","Guam","Etats-Unis","165768","Océanie","https://c8.alamy.com/comp/R5G7N2/australia-continent-map-vector-illustration-on-white-background-R5G7N2.jpg","5597","80",,"0",,"0.0143",,,"0",,"0",
"139","32","44","Congo","Congo","Congo","5568098","Afrique","https://www.aftld.org/wp-content/uploads/2019/02/2000px-FlagsMapAfrica.svg-1.png","5515","92","3887","0","1536","0.0167","0.7048","0.2785","0","0","0",
"140","38","220","Hong Kong","Hong Kong","Hong Kong","7519805","Asie","https://akm-img-a-in.tosshub.com/indiatoday/images/bodyeditor/201809/asia-647x2096.jpg?GU.M3UYGZsTQeFQi.NRwDeRGMX2MJSEL","5459","108","5187","3753969","164","0.0198","0.9502","0.0300","14","0","0","6"
"141","33","166","Rwanda","Rwanda","Rwanda","13070415","Afrique","https://www.aftld.org/wp-content/uploads/2019/02/2000px-FlagsMapAfrica.svg-1.png","5455","45","4995","586989","415","0.0082","0.9157","0.0761","61","1","3",
"142","28","190","Suriname","Suriname","Suriname","588603","Amérique","https://www.francestickers.com/4796-thickbox/autocollant-drapeau-continent-americain.jpg","5274","114","5148","20467","12","0.0216","0.9761","0.0023","0","5","0","5"
"143","42","92","Iceland","Islande","Islande","342075","Europe","https://bernardenergy.com/wp-content/uploads/2017/07/europe-1974674_1920-898x1024.png","5189","25","4813","374662","351","0.0048","0.9275","0.0676","3","46","0","3"
"144","34","60","Equatorial Guinea","Guinée équatoriale","Guinée équatoriale","1419787","Afrique","https://www.aftld.org/wp-content/uploads/2019/02/2000px-FlagsMapAfrica.svg-1.png","5104","85","4973","67412","46","0.0167","0.9743","0.0090","0","0","0","1"
"145","35","128","Mayotte","Mayotte","France","275240","Afrique","https://www.aftld.org/wp-content/uploads/2019/02/2000px-FlagsMapAfrica.svg-1.png","4921","46","2964","18173","1911","0.0093","0.6023","0.3883","0","0","0","5"
"146","36","39","Central African Republic","Centrafricaine","Centrafricaine","4860952","Afrique","https://www.aftld.org/wp-content/uploads/2019/02/2000px-FlagsMapAfrica.svg-1.png","4900","63","1924","32711","2913","0.0129","0.3927","0.5945","4","0","0","2"
"147","29","87","Guyana","Guyana","Guyana","787981","Amérique","https://www.francestickers.com/4796-thickbox/autocollant-drapeau-continent-americain.jpg","4823","139","3777","24664","907","0.0288","0.7831","0.1881","29","52","1","9"
"148","30","20","Belize","Belize","Belize","400306","Amérique","https://www.francestickers.com/4796-thickbox/autocollant-drapeau-continent-americain.jpg","4783","88","2564","26985","2131","0.0184","0.5361","0.4455","68","25","3","4"
"149","31","125","Martinique","Martinique","France","375155","Amérique","https://www.francestickers.com/4796-thickbox/autocollant-drapeau-continent-americain.jpg","4732","37","98","60432","4597","0.0078","0.0207","0.9715","0","0","0","16"
"150","32","10","Aruba","Aruba","Pays-Bas","106937","Amérique","https://www.francestickers.com/4796-thickbox/autocollant-drapeau-continent-americain.jpg","4662","44","4534","44336","84","0.0094","0.9725","0.0180","4","13","0","4"
"151","37","184","Somalia","Somalie","Somalie","16055843","Afrique","https://www.aftld.org/wp-content/uploads/2019/02/2000px-FlagsMapAfrica.svg-1.png","4301","107","3330","0","864","0.0249","0.7742","0.2009","0","0","0",
"152","33","209","Uruguay","Uruguay","Uruguay","3478270","Amérique","https://www.francestickers.com/4796-thickbox/autocollant-drapeau-continent-americain.jpg","4030","65","3233","370424","732","0.0161","0.8022","0.1816","73","58","1","10"
"153","38","123","Mali","Mali","Mali","20464518","Afrique","https://www.aftld.org/wp-content/uploads/2019/02/2000px-FlagsMapAfrica.svg-1.png","3900","141","2949","86725","810","0.0362","0.7562","0.2077","32","12","2",
"154","39","196","Thailand","Thaïlande","Thaïlande","69866092","Asie","https://akm-img-a-in.tosshub.com/indiatoday/images/bodyeditor/201809/asia-647x2096.jpg?GU.M3UYGZsTQeFQi.NRwDeRGMX2MJSEL","3874","60","3715","977854","99","0.0155","0.9590","0.0256","8","8","0","1"
"155","39","73","Gambia","Gambia","Gambia","2441562","Afrique","https://www.aftld.org/wp-content/uploads/2019/02/2000px-FlagsMapAfrica.svg-1.png","3702","122","3571","22362","9","0.0330","0.9646","0.0024","0","4","0",
"156","40","186","South Sudan","Sud-soudan","Sud-soudan","11242776","Afrique","https://www.aftld.org/wp-content/uploads/2019/02/2000px-FlagsMapAfrica.svg-1.png","3003","59","1290","12044","1654","0.0196","0.4296","0.5508","0","0","0",
"157","41","21","Benin","Benin","Benin","12239900","Afrique","https://www.aftld.org/wp-content/uploads/2019/02/2000px-FlagsMapAfrica.svg-1.png","2844","43","2515","269280","286","0.0151","0.8843","0.1006","0","0","0",
"158","42","198","Togo","Togo","Togo","8350269","Afrique","https://www.aftld.org/wp-content/uploads/2019/02/2000px-FlagsMapAfrica.svg-1.png","2675","61","1920","134757","694","0.0228","0.7178","0.2594","24","35","0",
"159","43","32","Burkina Faso","Burkina Faso","Burkina Faso","21113613","Afrique","https://www.aftld.org/wp-content/uploads/2019/02/2000px-FlagsMapAfrica.svg-1.png","2641","68","2445","0","128","0.0257","0.9258","0.0485","6","19","0",
"160","44","86","Guinea-Bissau","Guinée-Bissau","Guinée-Bissau","1985148","Afrique","https://www.aftld.org/wp-content/uploads/2019/02/2000px-FlagsMapAfrica.svg-1.png","2419","43","2255","27486","121","0.0178","0.9322","0.0500","0","0","0","5"
"161","45","179","Sierra Leone","Sierra Leone","Sierra Leone","8037018","Afrique","https://www.aftld.org/wp-content/uploads/2019/02/2000px-FlagsMapAfrica.svg-1.png","2391","74","1820","0","497","0.0309","0.7612","0.2079","0","4","0",
"162","40","214","Yemen","Yeman","Yeman","30068590","Asie","https://akm-img-a-in.tosshub.com/indiatoday/images/bodyeditor/201809/asia-647x2096.jpg?GU.M3UYGZsTQeFQi.NRwDeRGMX2MJSEL","2072","605","1394","16658","73","0.2920","0.6728","0.0352","0","0","0",
"163","46","219","Lesotho","Lesotho","Lesotho","2148623","Afrique","https://www.aftld.org/wp-content/uploads/2019/02/2000px-FlagsMapAfrica.svg-1.png","2041","44","1056","24030","941","0.0216","0.5174","0.4610","0","0","0",
"164","3","143","New Zealand","Nouvelle-Zélande","Nouvelle-Zélande","5002100","Océanie","https://c8.alamy.com/comp/R5G7N2/australia-continent-map-vector-illustration-on-white-background-R5G7N2.jpg","2001","25","1918","1179587","58","0.0125","0.9585","0.0290","3","0","0",
"165","47","40","Chad","Tchad","Tchad","16598561","Afrique","https://www.aftld.org/wp-content/uploads/2019/02/2000px-FlagsMapAfrica.svg-1.png","1597","101","1443","0","53","0.0632","0.9036","0.0332","6","4","1",
"166","48","114","Liberia","Liberia","Liberia","5101510","Afrique","https://www.aftld.org/wp-content/uploads/2019/02/2000px-FlagsMapAfrica.svg-1.png","1507","82","1314","32308","111","0.0544","0.8719","0.0737","9","0","0","2"
"167","34","208","United States Virgin Islands","Îles Vierges des États-Unis","Etats-Unis","106977","Amérique","https://www.francestickers.com/4796-thickbox/autocollant-drapeau-continent-americain.jpg","1362","21",,"0",,"0.0154",,,"0",,"0",
"168","35","49","Curaçao","Curaçao","Curaçao","164346","Amérique","https://www.francestickers.com/4796-thickbox/autocollant-drapeau-continent-americain.jpg","1340","2","928","16267","410","0.0015","0.6925","0.3060","33","5","0","1"
"169","49","145","Niger","Niger","Niger","24524714","Afrique","https://www.aftld.org/wp-content/uploads/2019/02/2000px-FlagsMapAfrica.svg-1.png","1307","70","1148","41945","89","0.0536","0.8783","0.0681","6","1","0","9"
"170","41","212","Vietnam","Vietnam","Vietnam","97666909","Asie","https://akm-img-a-in.tosshub.com/indiatoday/images/bodyeditor/201809/asia-647x2096.jpg?GU.M3UYGZsTQeFQi.NRwDeRGMX2MJSEL","1281","35","1103","1339465","143","0.0273","0.8610","0.1116","25","0","0",
"171","43","173","San Marino","Saint-Marin","Saint-Marin","33958","Europe","https://bernardenergy.com/wp-content/uploads/2017/07/europe-1974674_1920-898x1024.png","1253","42","888","13396","323","0.0335","0.7087","0.2578","0","0","0","3"
"172","44","104","Jersey","Jersey","Royaume-Uni","174464","Europe","https://bernardenergy.com/wp-content/uploads/2017/07/europe-1974674_1920-898x1024.png","1003","48","816","165849","139","0.0479","0.8136","0.1386","0","1","0","10"
"173","45","116","Liechtenstein","Liechtenstein","Liechtenstein","38169","Europe","https://bernardenergy.com/wp-content/uploads/2017/07/europe-1974674_1920-898x1024.png","985","5","682","9155","298","0.0051","0.6924","0.3025","15","0","0","12"
"174","50","174","São Tomé and Príncipe","Sao Tomé-et-Principe","Sao Tomé-et-Principe","220668","Afrique","https://www.aftld.org/wp-content/uploads/2019/02/2000px-FlagsMapAfrica.svg-1.png","965","16","917","7071","32","0.0166","0.9503","0.0332","1","0","0",
"175","36","181","Sint Maarten","Sint Maarten","Pays-Bas","43058","Amérique","https://www.francestickers.com/4796-thickbox/autocollant-drapeau-continent-americain.jpg","933","24","835","7058","74","0.0257","0.8950","0.0793","10","0","0","6"
"176","46","77","Gibraltar","Gibraltar","Royaume-Uni","33687","Europe","https://bernardenergy.com/wp-content/uploads/2017/07/europe-1974674_1920-898x1024.png","902","1","754","78142","147","0.0011","0.8359","0.1630","15","12","0","7"
"177","37","202","Turks and Caicos Islands","Turks and Caicos Islands","Royaume-Uni","38912","Amérique","https://www.francestickers.com/4796-thickbox/autocollant-drapeau-continent-americain.jpg","720","6","695","5808","19","0.0083","0.9653","0.0264","0","0","0","1"
"178","42","95","International conveyance (Diamond Princess)","Navire de croisière (Diamond Princess)","Japon",,"Asie","https://akm-img-a-in.tosshub.com/indiatoday/images/bodyeditor/201809/asia-647x2096.jpg?GU.M3UYGZsTQeFQi.NRwDeRGMX2MJSEL","712","13","659","0","40","0.0183","0.9256","0.0562","0","0","0","4"
"179","38","170","Saint Martin","Saint Martin","France","38911","Amérique","https://www.francestickers.com/4796-thickbox/autocollant-drapeau-continent-americain.jpg","655","12","551","6906","92","0.0183","0.8412","0.1405","0","0","0","4"
"180","51","33","Burundi","Burundi","Burundi","12020368","Afrique","https://www.aftld.org/wp-content/uploads/2019/02/2000px-FlagsMapAfrica.svg-1.png","628","1","549","56870","78","0.0016","0.8742","0.1242","1","0","0",
"181","43","194","Taiwan","Taiwan","Taiwan","23833059","Asie","https://akm-img-a-in.tosshub.com/indiatoday/images/bodyeditor/201809/asia-647x2096.jpg?GU.M3UYGZsTQeFQi.NRwDeRGMX2MJSEL","602","7","536","105589","59","0.0116","0.8904","0.0980","2","1","0",
"181","4","154","Papua New Guinea","Papouasie-Nouvelle-Guinée","Papouasie-Nouvelle-Guinée","9009850","Océanie","https://c8.alamy.com/comp/R5G7N2/australia-continent-map-vector-illustration-on-white-background-R5G7N2.jpg","602","7","586","30027","9","0.0116","0.9734","0.0150","2","0","0",
"182","52","217","Comoros","Comores","Comores","876449","Afrique","https://www.aftld.org/wp-content/uploads/2019/02/2000px-FlagsMapAfrica.svg-1.png","579","7","549","0","23","0.0121","0.9482","0.0397","0","0","0",
"183","47","131","Monaco","Monaco","Monaco","39347","Europe","https://bernardenergy.com/wp-content/uploads/2017/07/europe-1974674_1920-898x1024.png","548","2","450","51953","96","0.0036","0.8212","0.1752","3","4","0","5"
"184","53","195","Tanzania","Tanzanie","Tanzanie","60357780","Afrique","https://www.aftld.org/wp-content/uploads/2019/02/2000px-FlagsMapAfrica.svg-1.png","509","21","183","0","305","0.0413","0.3595","0.5992","0","0","0","7"
"185","48","66","Faroe Islands","Îles Féroé","France","48933","Europe","https://bernardenergy.com/wp-content/uploads/2017/07/europe-1974674_1920-898x1024.png","498","0","495","161301","3","0.0000","0.9940","0.0060","1","1","0",
"186","54","61","Eritrea","Érythrée","Érythrée","3564723","Afrique","https://www.aftld.org/wp-content/uploads/2019/02/2000px-FlagsMapAfrica.svg-1.png","493","0","444","0","49","0.0000","0.9006","0.0994","0","0","0",
"187","55","127","Mauritius","Maurice","Maurice","1272565","Afrique","https://www.aftld.org/wp-content/uploads/2019/02/2000px-FlagsMapAfrica.svg-1.png","478","10","431","278091","37","0.0209","0.9017","0.0774","8","3","0",
"188","44","132","Mongolia","Mongolie","Mongolie","3297924","Asie","https://akm-img-a-in.tosshub.com/indiatoday/images/bodyeditor/201809/asia-647x2096.jpg?GU.M3UYGZsTQeFQi.NRwDeRGMX2MJSEL","428","0","328","98390","100","0.0000","0.7664","0.2336","12","0","0","2"
"189","45","23","Bhutan","Bhoutan","Bhoutan","774786","Asie","https://akm-img-a-in.tosshub.com/indiatoday/images/bodyeditor/201809/asia-647x2096.jpg?GU.M3UYGZsTQeFQi.NRwDeRGMX2MJSEL","375","0","353","188891","22","0.0000","0.9413","0.0587","6","5","0",
"190","49","99","Isle of Man","île de Man","Royaume-Uni","85202","Europe","https://bernardenergy.com/wp-content/uploads/2017/07/europe-1974674_1920-898x1024.png","363","25","329","17173","9","0.0689","0.9063","0.0248","0","0","0",
"191","46","35","Cambodia","Cambodge","Cambodge","16805242","Asie","https://akm-img-a-in.tosshub.com/indiatoday/images/bodyeditor/201809/asia-647x2096.jpg?GU.M3UYGZsTQeFQi.NRwDeRGMX2MJSEL","302","0","289","208154","13","0.0000","0.9570","0.0430","0","0","0",
"192","50","84","Guernsey","Guernsey","Royaume-Uni","67052","Europe","https://bernardenergy.com/wp-content/uploads/2017/07/europe-1974674_1920-898x1024.png","268","13","245","0","10","0.0485","0.9142","0.0373","0","0","0",
"193","39","38","Cayman Islands","îles Caïmans","Royaume-Uni","66010","Amérique","https://www.francestickers.com/4796-thickbox/autocollant-drapeau-continent-americain.jpg","254","1","240","49176","13","0.0039","0.9449","0.0512","0","0","0","1"
"194","40","17","Barbados","Barbade","Barbade","287508","Amérique","https://www.francestickers.com/4796-thickbox/autocollant-drapeau-continent-americain.jpg","250","7","238","42022","5","0.0280","0.9520","0.0200","1","4","0",
"195","41","22","Bermuda","Bermuda","Royaume-Uni","62191","Amérique","https://www.francestickers.com/4796-thickbox/autocollant-drapeau-continent-americain.jpg","222","9","189","95919","24","0.0405","0.8514","0.1081","0","0","0",
"196","42","169","Saint Lucia","Sainte-Lucie","Sainte-Lucie","183943","Amérique","https://www.francestickers.com/4796-thickbox/autocollant-drapeau-continent-americain.jpg","162","2","46","13857","114","0.0123","0.2840","0.7037","2","0","0",
"197","56","178","Seychelles","Seychelles","Seychelles","98576","Afrique","https://www.aftld.org/wp-content/uploads/2019/02/2000px-FlagsMapAfrica.svg-1.png","160","0","157","5200","3","0.0000","0.9813","0.0188","0","0","0",
"198","43","25","Bonaire, Sint Eustatius and Saba","Saint-Eustache","Pays-Bas","26314","Amérique","https://www.francestickers.com/4796-thickbox/autocollant-drapeau-continent-americain.jpg","155","3","151","3377","1","0.0194","0.9742","0.0065","0","0","0",
"199","47","30","Brunei Darussalam","Brunei Darussalam","Brunei Darussalam","439048","Asie","https://akm-img-a-in.tosshub.com/indiatoday/images/bodyeditor/201809/asia-647x2096.jpg?GU.M3UYGZsTQeFQi.NRwDeRGMX2MJSEL","148","3","145","72550","0","0.0203","0.9797","0.0000","0","0","0",
"200","44","7","Antigua and Barbuda","Antigua and Barbuda","Antigua and Barbuda","98233","Amérique","https://www.francestickers.com/4796-thickbox/autocollant-drapeau-continent-americain.jpg","134","4","127","4137","3","0.0299","0.9478","0.0224","0","0","0",
"201","45","167","Saint Barthelemy","Saint Barthelemy","France","9888","Amérique","https://www.francestickers.com/4796-thickbox/autocollant-drapeau-continent-americain.jpg","109","0","83","4445","26","0.0000","0.7615","0.2385","0","0","0",
"202","5","148","Northern Mariana Islands","îles Mariannes du Nord","France","56882","Océanie","https://c8.alamy.com/comp/R5G7N2/australia-continent-map-vector-illustration-on-white-background-R5G7N2.jpg","92","2",,"0",,"0.0217",,,"0",,"0",
"203","46","172","Saint Vincent and the Grenadines","Saint-Vincent-et-les-Grenadines","Saint-Vincent-et-les-Grenadines","111073","Amérique","https://www.francestickers.com/4796-thickbox/autocollant-drapeau-continent-americain.jpg","78","0","77","8198","1","0.0000","0.9872","0.0128","0","0","0",
"204","47","29","British Virgin Islands","British Virgin Islands","Royaume-Uni","30307","Amérique","https://www.francestickers.com/4796-thickbox/autocollant-drapeau-continent-americain.jpg","71","1","70","5193","0","0.0141","0.9859","0.0000","0","0","0",
"205","48","55","Dominica","Dominique","Dominique","72053","Amérique","https://www.francestickers.com/4796-thickbox/autocollant-drapeau-continent-americain.jpg","68","0","41","5160","27","0.0000","0.6029","0.3971","0","0","0",
"206","48","221","Macao","Macao","Chine","652636","Asie","https://akm-img-a-in.tosshub.com/indiatoday/images/bodyeditor/201809/asia-647x2096.jpg?GU.M3UYGZsTQeFQi.NRwDeRGMX2MJSEL","46","0","46","4238","0","0.0000","1.0000","0.0000","0","0","0",
"207","6","67","Fiji","Fidji","Fidji","898885","Océanie","https://c8.alamy.com/comp/R5G7N2/australia-continent-map-vector-illustration-on-white-background-R5G7N2.jpg","35","2","32","14152","1","0.0571","0.9143","0.0286","0","0","0",
"208","49","80","Grenada","Grenada","Grenada","112719","Amérique","https://www.francestickers.com/4796-thickbox/autocollant-drapeau-continent-americain.jpg","32","0","27","6252","5","0.0000","0.8438","0.1563","0","0","0",
"209","7","142","New Caledonia","Nouvelle-Calédonie","France","286526","Océanie","https://c8.alamy.com/comp/R5G7N2/australia-continent-map-vector-illustration-on-white-background-R5G7N2.jpg","30","0","28","16397","2","0.0000","0.9333","0.0667","0","0","0",
"209","49","197","Timor-Leste","Timor oriental","Timor oriental","1327753","Asie","https://akm-img-a-in.tosshub.com/indiatoday/images/bodyeditor/201809/asia-647x2096.jpg?GU.M3UYGZsTQeFQi.NRwDeRGMX2MJSEL","30","0","30","12487","0","0.0000","1.0000","0.0000","0","0","0",
"210","51","89","Holy See","Saint-Siège","Italie","825","Europe","https://bernardenergy.com/wp-content/uploads/2017/07/europe-1974674_1920-898x1024.png","27","0","15","0","12","0.0000","0.5556","0.4444","0","0","0",
"211","50","111","Lao Peoples Democratic Republic","Laos","Laos","7314896","Asie","https://akm-img-a-in.tosshub.com/indiatoday/images/bodyeditor/201809/asia-647x2096.jpg?GU.M3UYGZsTQeFQi.NRwDeRGMX2MJSEL","24","0","23","71020","1","0.0000","0.9583","0.0417","0","0","0",
"212","50","168","Saint Kitts and Nevis","Saint-Christophe-et-Niévès","Saint-Christophe-et-Niévès","53340","Amérique","https://www.francestickers.com/4796-thickbox/autocollant-drapeau-continent-americain.jpg","19","0","19","3369","0","0.0000","1.0000","0.0000","0","0","0",
"213","51","79","Greenland","Greenland","Danemark","56807","Amérique","https://www.francestickers.com/4796-thickbox/autocollant-drapeau-continent-americain.jpg","18","0","17","12026","1","0.0000","0.9444","0.0556","0","0","0",
"214","8","223","Solomon Islands","Îles Salomon","Îles Salomon","693087","Océanie","https://c8.alamy.com/comp/R5G7N2/australia-continent-map-vector-illustration-on-white-background-R5G7N2.jpg","16","0","5","115","11","0.0000","0.3125","0.6875","0","0","0",
"214","52","171","Saint Pierre and Miquelon","Saint Pierre and Miquelon","France","5783","Amérique","https://www.francestickers.com/4796-thickbox/autocollant-drapeau-continent-americain.jpg","16","0","12","2624","4","0.0000","0.7500","0.2500","0","0","0",
"215","53","65","Falkland Islands","Îles Falkland","Royaume-Uni","3517","Amérique","https://www.francestickers.com/4796-thickbox/autocollant-drapeau-continent-americain.jpg","15","0","13","3417","2","0.0000","0.8667","0.1333","0","0","0",
"216","54","134","Montserrat","Montserrat","Royaume-Uni","4993","Amérique","https://www.francestickers.com/4796-thickbox/autocollant-drapeau-continent-americain.jpg","13","1","12","577","0","0.0769","0.9231","0.0000","0","0","0",
"217","57","213","Western Sahara","Sahara occidental","Sahara occidental","602747","Afrique","https://www.aftld.org/wp-content/uploads/2019/02/2000px-FlagsMapAfrica.svg-1.png","10","1","8","0","1","0.1000","0.8000","0.1000","0","0","0",
"218","52","137","MS Zaandam","MS Zaandam","Pays-Bas",,"Europe","https://bernardenergy.com/wp-content/uploads/2017/07/europe-1974674_1920-898x1024.png","9","2",,"0",,"0.2222",,,"0",,"0",
"219","55","6","Anguilla","Anguilla","Pays-Bas","15053","Amérique","https://www.francestickers.com/4796-thickbox/autocollant-drapeau-continent-americain.jpg","3","0","3","1820","0","0.0000","1.0000","0.0000","0","0","0",
"220","9","222","Marshall Islands","Îles Marshall","Îles Marshall","59340","Océanie","https://c8.alamy.com/comp/R5G7N2/australia-continent-map-vector-illustration-on-white-background-R5G7N2.jpg","1","0","1","0","0","0.0000","1.0000","0.0000","0","0","0",
"220","9","224","Wallis and Futuna","Wallis et Futuna","France","11163","Océanie","https://c8.alamy.com/comp/R5G7N2/australia-continent-map-vector-illustration-on-white-background-R5G7N2.jpg","1","0","1","1149","0","0.0000","1.0000","0.0000","0","0","0",
"220","9","225","Vanuatu","Vanuatu","Vanuatu","309792","Océanie","https://c8.alamy.com/comp/R5G7N2/australia-continent-map-vector-illustration-on-white-background-R5G7N2.jpg","1","0",,,,"0.0000",,,"0",,"0",